Rank,NOC,Gold,Silver,Bronze,Total
1,United States,39,41,33,113
2,China,38,32,19,89
3,Japan,27,14,17,58
4,Great Britain,22,20,22,64
5,ROC,20,28,23,71
6,Australia,17,7,22,46
7,Netherlands,10,12,14,36
8,France,10,12,11,33
9,Germany,10,11,16,37
10,Italy,10,10,20,40
11,Canada,7,7,10,24
12,Brazil,7,6,8,21
13,New Zealand,7,6,7,20
14,Cuba,7,3,5,15
15,Hungary,6,7,7,20
16,South Korea,6,4,10,20
17,Poland,4,5,5,14
18,Czech Republic,4,4,3,11
19,Kenya,4,4,2,10
20,Norway,4,2,2,8
21,Jamaica,4,1,4,9
22,Spain,3,8,6,17
23,Sweden,3,6,0,9
24,Switzerland,3,4,6,13
25,Denmark,3,4,4,11
26,Croatia,3,3,2,8
27,Iran,3,2,2,7
28,Serbia,3,1,5,9
29,Belgium,3,1,3,7
30,Bulgaria,3,1,2,6
31,Slovenia,3,1,1,5
32,Uzbekistan,3,0,2,5
33,Georgia,2,5,1,8
34,Chinese Taipei,2,4,6,12
35,Turkey,2,2,9,13
36,Greece,2,1,1,4
37,Uganda,2,1,1,4
38,Ecuador,2,1,0,3
39,Ireland,2,0,2,4
40,Israel,2,0,2,4
41,Qatar,2,0,1,3
42,Bahamas,2,0,0,2
43,Kosovo,2,0,0,2
44,Ukraine,1,6,12,19
45,Belarus,1,3,3,7
46,Romania,1,3,0,4
47,Venezuela,1,3,0,4
48,India,1,2,4,7
49,Hong Kong,1,2,3,6
50,Philippines,1,2,1,4
51,Slovakia,1,2,1,4
52,South Africa,1,2,0,3
53,Austria,1,1,5,7
54,Egypt,1,1,4,6
55,Indonesia,1,1,3,5
56,Ethiopia,1,1,2,4
57,Portugal,1,1,2,4
58,Tunisia,1,1,0,2
59,Estonia,1,0,1,2
60,Fiji,1,0,1,2
61,Latvia,1,0,1,2
62,Thailand,1,0,1,2
63,Bermuda,1,0,0,1
64,Morocco,1,0,0,1
65,Puerto Rico,1,0,0,1
66,Colombia,0,4,1,5
67,Azerbaijan,0,3,4,7
68,Dominican Republic,0,3,2,5
69,Armenia,0,2,2,4
70,Kyrgyzstan,0,2,1,3
71,Mongolia,0,1,3,4
72,Argentina,0,1,2,3
73,San Marino,0,1,2,3
74,Jordan,0,1,1,2
75,Malaysia,0,1,1,2
76,Nigeria,0,1,1,2
77,Bahrain,0,1,0,1
78,Lithuania,0,1,0,1
79,Namibia,0,1,0,1
80,North Macedonia,0,1,0,1
81,Saudi Arabia,0,1,0,1
82,Turkmenistan,0,1,0,1
83,Kazakhstan,0,0,8,8
84,Mexico,0,0,4,4
85,Finland,0,0,2,2
86,Botswana,0,0,1,1
87,Burkina Faso,0,0,1,1
88,Ghana,0,0,1,1
89,Grenada,0,0,1,1
90,Ivory Coast,0,0,1,1
91,Kuwait,0,0,1,1
92,Moldova,0,0,1,1
93,Syria,0,0,1,1
94,Totals 93 entries,340,338,402,1080
